"Issue Name","Issue Type","Issue Priority","URLs","% of Total","Description","How To Fix","Help URL"
"H2: Missing","Warning","Low","2","1.230","Pages which have a missing <h2>, the content is empty or has a whitespace. The <h2> heading is often used to describe sections or topics within a document. They act as signposts for the user, and can help search engines understand the page.","Consider using logical and descriptive <h2>s on important pages that help the user and search engines better understand the page.",""
"URL: Underscores","Opportunity","Low","2","0.460","URLs with underscores, which are not always seen as word separators by search engines.","Ideally hyphens should be used as word separators, rather than underscores. However, changing URLs is a big decision, and often it's not worth changing them for SEO purposes alone. If URLs are changed, then appropriate 301 redirects must be implemented.",""
"H2: Multiple","Warning","Low","145","89.510","Pages which have multiple <h2>s. This is not an issue as HTML standards allow multiple <h2>'s when used in a logical hierarchical heading structure. However, this filter can help you quickly scan to review if they are used appropriately.","Ensure <h2>s are used in a logical hierarchical heading structure, and update where appropriate utilising the full heading rank between (h3 - h6) for additional headings.",""
"H1: Duplicate","Opportunity","Low","3","1.850","Pages which have duplicate <h1>s. It's important to have distinct, unique and useful main headings. If every page has the same <h1>, then it can make it more challenging for users and the search engines to understand one page from another.","Update duplicate <h1>s as necessary, so important pages contain a unique and descriptive <h1> for users and search engines.  If these are duplicate pages, then fix the duplicated pages by linking to a single version, and redirect or use canonicals where appropriate.",""
"Canonicals: Canonicalised","Warning","High","3","1.840","Pages that have a canonical to a different URL. The URL is 'canonicalised' to another location. This means the search engines are being instructed to not index the page, and the indexing and linking properties should be consolidated to the URL in the canonical.","These URLs should be reviewed carefully to ensure the indexing and link signals are being consolidated to the correct URL. In a perfect world, a website wouldn't need to canonicalise any URLs as only canonical versions would be linked to internally on a website, but often they are required due to various circumstances outside of control, and to prevent duplicate content. Update internal links to canonical versions of URLs where possible.",""
"Security: Form on HTTP URL","Issue","High","1","0.230","This indicates that a form is on an HTTP page. Any data entered into the form, including usernames and passwords is not secure. The form can be viewed by clicking on the URL in the top window and then the 'URL Details' lower window tab, which will display the details of the form on the HTTP URL.","All HTTP pages with forms should be changed to HTTPS to avoid security issues for users, and problems loading in a browser.",""
"Canonicals: Multiple","Warning","Low","1","0.610","Pages with multiple canonicals set for a URL (either multiple link elements, HTTP header, or both combined). This can lead to unpredictability, as there should only be a single canonical URL set by a single implementation (link element, or HTTP header) for a page and might lead to mix-ups.","Specify a single canonical URL using a single approach (link element, or HTTP header) for every page to avoid any potential mix ups.",""
"Page Titles: Over 561 Pixels","Opportunity","Medium","23","14.200","Pages which have page titles over Google's estimated pixel length limit for titles in search results. Google snippet length is actually based upon pixels limits, rather than a character length. The SEO Spider tries to match the latest pixel truncation points in the SERPs, but it is an approximation and Google adjusts them frequently.","Write concise page titles to ensure important words are not truncated in the search results, not visible to users and potentially weighted less in scoring.",""
"Images: Over 100 KB","Opportunity","Medium","105","66.040","Large images over a size threshold. Page speed is extremely important for users and SEO and often large resources such as images are one of the most common issues that slow down web pages. This filter simply acts as a general rule of thumb to help identify images that are fairly large in file size and may take longer to load. These should be considered for optimisation, alongside opportunities identified in the PageSpeed tab which uses the PSI API and Lighthouse to audit speed. This can help identify images that haven't been optimised in size, load offscreen, are unoptimised etc.","Uncompressed images bloat pages with unnecessary bytes, so ensure images are optimised with compression, properly scaled, and using the best image format to reduce file size where possible.",""
"Images: Missing Alt Text","Issue","Low","10","6.290","Images that have an alt attribute, but are missing alt text. Click the address of the image and then the 'Image Details' tab in the lower window pane to view which pages have the image on them, and are missing alt text. Images should have descriptive alternative text about its purpose, which helps the blind and visually impaired, and the search engines understand it and its relevance to the web page.","Include descriptive alt text for images to help users and the search engines understand them better. Where possible, decorative images should be provided using CSS background images or alternatively a null (empty) alt text should be provided (alt="""") so that they can be ignored by assistive technologies, such as screen readers.",""
"Links: Non-Descriptive Anchor Text In Internal Outlinks","Opportunity","Low","13","8.020","Pages that have internal outlinks with anchor text that is not descriptive, such as 'click here' or 'learn more' based upon the preferences under 'Config > Spider > Preferences'. Anchor text is the visible text and words used in hyperlinks that provide users and search engines context about the content of the target page. Internal outlinks with non-descriptive anchor text can be seen in the 'Outlinks' tab, with the 'All Link Types' filter set to 'Hyperlinks', where the 'Anchor Text' column has words such as 'click here', or 'learn more'. Export in bulk via 'Bulk Export > Links > Non-Descriptive Anchor Text In Internal Outlinks'.","Review the non-descriptive anchor text in outlinks and where appropriate update them to include useful and descriptive anchor text to help provide context to both users and search engines.",""
"Links: Internal Nofollow Outlinks","Warning","Low","54","33.330","Pages that use rel=""nofollow"" on internal outlinks. Links with nofollow link attributes will generally not be followed by search engines. Remember that the linked pages may be found through other means, such as other followed links, or XML Sitemaps etc. Nofollow outlinks can be seen in the 'Outlinks' tab with the 'All Link Types' filter set to 'Hyperlinks', where the 'Follow' column is 'False'. Export in bulk via 'Bulk Export > Links > Internal Nofollow Outlinks'.","Review the use of rel=""nofollow"" on internal links. These might be valid to URLs that ideally wouldn't be crawled, or they could be by mistake. Remove the nofollow link attribute to important URLs you wish to be crawled, indexed and receive PageRank.",""
"Security: HTTP URLs","Issue","High","13","2.970","HTTP URLs that are encountered in the crawl. All websites should be secure over HTTPS today on the web. Not only is it important for security, but it's now expected by users. Chrome and other browsers display a 'Not Secure' message against any URLs that are HTTP, or have mixed content issues (where they load insecure resources on them). To view how these URLs were discovered, view their 'inlinks' in the lower window tab. You can also export any pages that link to HTTP URLs via 'Bulk Export > Security > HTTP URLs Inlinks'.","All URLs should be to secure HTTPS pages. Pages should be served over HTTPS, any internal links should be updated to HTTPS versions and HTTP URLs should 301 redirect to HTTPS versions. HTTP URLs identified in this filter that are redirecting to HTTPS versions already should be updated to link to the correct HTTPS versions directly.",""
"Meta Description: Missing","Opportunity","Low","30","18.520","Pages which have a missing meta description, the content is empty or has a whitespace. This is a missed opportunity to communicate the benefits of your product or service and influence click through rates for important URLs.","It's important to write unique and descriptive meta descriptions on key pages to communicate the purpose of the page to users, and entice them to click on your result over the competition. It can also mean Google use this description for snippets in the search results for some queries, rather than make up their own based upon the content of the page.",""
"Security: Missing Secure Referrer-Policy Header","Warning","Low","375","85.620","URLs missing 'no-referrer-when-downgrade', 'strict-origin-when-cross-origin', 'no-referrer' or 'strict-origin' policies in the Referrer-Policy header. When using HTTPS, it's important that the URLs do not leak in non-HTTPS requests. This can expose users to 'man in the middle' attacks, as anyone on the network can view them.","Consider setting a referrer policy of strict-origin-when-cross-origin. It retains much of the referrer's usefulness, while mitigating the risk of leaking data cross-origins.",""
"H1: Missing","Issue","Medium","1","0.620","Pages which have a missing <h1>, the content is empty or has a whitespace. The <h1> should describe the main title and purpose of the page and are considered to be one of the stronger on-page ranking signals.","Ensure important pages have concise, descriptive and unique headings to help users, and enable search engines to score and rank the page for relevant search queries.",""
"Security: Missing HSTS Header","Warning","Low","364","83.110","URLs that are missing the HSTS response header. The HTTP Strict-Transport-Security response header (HSTS) instructs browsers that it should only be accessed using HTTPS, rather than HTTP. If a website accepts a connection to HTTP, before being redirected to HTTPS, visitors will initially still communicate over HTTP. The HSTS header instructs the browser to never load over HTTP and to automatically convert all requests to HTTPS.","The HSTS header should be used across all pages to instruct the browser that it should always request pages via HTTPS, rather than HTTP.",""
"Canonicals: Missing","Warning","Medium","5","3.070","Pages that have no canonical URL present either as a link element, or via HTTP header. If a page doesn't indicate a canonical URL, Google will identify what they think is the best version or URL. This can lead to ranking unpredictability when there are multiple versions discovered, and hence generally all URLs should specify a canonical version","Specify a canonical URL for every page to avoid any potential ranking unpredictability if multiple versions of the same page are discovered on different URLs.",""
"Security: Missing Content-Security-Policy Header","Warning","Low","375","85.620","URLs that are missing the Content-Security-Policy response header. This header allows a website to control which resources are loaded for a page. This policy can help guard against cross-site scripting (XSS) attacks that exploit the browser's trust of the content received from the server. The SEO Spider only checks for existence of the header, and does not interrogate the policies found within the header to determine whether they are well set-up for the website. This should be performed manually.","Set a strict Content-Security-Policy response header across all page to help mitigate cross site scripting (XSS) and data injection attacks.",""
"Response Codes: External Client Error (4xx)","Warning","Low","1","0.200","External URLs with a client-side error. This indicates a problem occurred with the URL request and can include responses such as 400 bad request, 403 Forbidden, 404 Page Not Found, 410 Removed, 429 Too Many Requests and more. A 404 'Page Not Found' is the most common, and often referred to as a broken link. View URLs that link to errors using the lower 'inlinks' tab and export them in bulk via 'Bulk Export > Response Codes > External > Client Error (4xx) inlinks'.","All links on a website should ideally resolve to 200 'OK' URLs. Errors such as 404 broken links should be updated so users are taken to the correct URL, or removed. A 403 forbidden error occurs when a web server denies access to the SEO Spider's request and can often be resolved by switching the user-agent to Chrome via 'Config > User-Agent'. If they can be viewed in a browser, then it's often not an issue.",""
"Response Codes: Internal Client Error (4xx)","Issue","High","2","0.400","Internal URLs with a client-side error. This indicates a problem occurred with the URL request and can include responses such as 400 bad request, 403 Forbidden, 404 Page Not Found, 410 Removed, 429 Too Many Requests and more. A 404 'Page Not Found' is the most common, and often referred to as a broken link. View URLs that link to errors using the lower 'inlinks' tab and export them in bulk via 'Bulk Export > Response Codes > Internal > Client Error (4xx) inlinks'.","All links on a website should ideally resolve to 200 'OK' URLs. Errors such as a 404 or 410 should be updated to their correct locations, removed and redirected where appropriate. A 403 forbidden error occurs when a web server denies access to the SEO Spider's request and can often be resolved by switching the user-agent to Chrome via 'Config > User-Agent' and crawling again.",""
"Pagination: Pagination URL Not in Anchor Tag","Issue","High","1","0.620","URLs contained in either, or both, the rel=""next"" and rel=""prev"" attributes of the page, are not found as a hyperlink in an HTML anchor element on the page itself. Paginated pages should be linked to with regular links to allow users to click and navigate to the next page in the series. They also allow Google to crawl from page to page, and PageRank to flow between pages in the series.","Ensure paginated URLs are linked to within <a> tags. This will allow them to be crawled and indexed, and pass PageRank onto any URLs they link to.",""
"H2: Non-Sequential","Warning","Low","54","33.330","Pages with an <h2> that is not the second heading level after the <h1> on the page. Heading elements should be in a logical sequentially-descending order. The purpose of heading elements is to convey the structure of the page and they should be in logical order from <h1> to <h6>, which helps navigating the page and users that rely on assistive technologies.","Ensure the <h2> is the second heading on the page. Headings should be in a logical sequential order from <h1> to <h6>. Review and update page heading levels so they are descending in order, for example the heading element following an <h1> should be an <h2>, rather than an <h3>.",""
"Page Titles: Below 30 Characters","Opportunity","Medium","2","1.230","Pages which have page titles under the configured limit. This isn't necessarily an issue, but it does indicate there might be room to target additional keywords or communicate your USPs.","Consider updating the page title to take advantage of the space left to include additional target keywords or USPs.",""
"Images: Missing Alt Attribute","Issue","Low","2","1.260","Images that are missing an alt attribute all together. Click the address (URL) of the image and then the 'Image Details' tab in the lower window pane to view which pages have the image on, and are missing alt attributes. All images should contain an alt attribute with descriptive text, or blank when it's a decorative image.","Include alt attributes with descriptive alt text for images to help users and the search engines understand them better. Where possible, decorative images should be provided using CSS background images or alternatively a null (empty) alt text should be provided (alt="""") so that they can be ignored by assistive technologies, such as screen readers.",""
"Meta Description: Over 985 Pixels","Opportunity","Low","5","3.090","Pages which have meta descriptions over Google's estimated pixel length limit for snippets. Google snippet length is actually based upon pixels limits, rather than a character length. The SEO Spider tries to match the latest pixel truncation points in the SERPs, but it is an approximation and Google adjusts them frequently.","Write concise meta descriptions to ensure important words are not truncated in the search results, and not visible to users.",""
"H2: Over 70 Characters","Opportunity","Low","17","10.490","Pages which have <h2>s over the configured limit. There is no hard limit for characters in an <h2>, however they should be clear and concise for users and long headings might be less helpful","Write concise <h2>s for users, including target keywords where natural for users - without keyword stuffing.",""
"Meta Description: Over 155 Characters","Opportunity","Low","5","3.090","Pages which have meta descriptions over the configured limit. Characters over this limit might be truncated in Google's search results.","Write concise meta descriptions to ensure important words are not truncated in the search results, and not visible to users.",""
"H1: Non-Sequential","Warning","Low","1","0.620","Pages with an <h1> that is not the first heading on the page. Heading elements should be in a logical sequentially-descending order. The purpose of heading elements is to convey the structure of the page and they should be in logical order from <h1> to <h6>, which helps navigating the page and users that rely on assistive technologies.","Ensure the <h1> is the first heading on the page. Headings should be in a logical sequential order from <h1> to <h6>. Review and update page heading levels so they are descending in order, for example the first heading level should be an <h1>, and this should be followed by an <h2>.",""
"Page Titles: Multiple","Issue","High","1","0.620","Pages which have multiple page titles. There should only be a single page title element for each page. Multiple page titles are often caused by multiple conflicting plugins or modules in CMS.","Remove the additional <title> tags from the pages HTML, ensuring the website has a single, concise and descriptive page title.",""
"H1: Multiple","Warning","Medium","5","3.090","Pages which have multiple <h1>s. While this is not strictly an issue because HTML5 standards allow multiple <h1>s on a page, there are some problems with this modern approach in terms of usability. It's advised to use heading rank (h1-h6) to convey document structure. The classic HTML4 standard defines there should only be a single <h1> per page, and this is still generally recommended for users and SEO.","Consider updating the HTML to include a single <h1> on each page, and utilising the full heading rank between (h2 - h6) for additional headings.",""
"Images: Alt Text Over 100 Characters","Opportunity","Low","10","6.290","Images which have one instance of alt text over a threshold of characters in length. This is not strictly an issue, however image alt text should be concise and descriptive. It should not be used to stuff lots of keywords or paragraphs of text onto a page.","Write concise alt text that's helpful for users and search engines - without keyword stuffing.",""
"Security: Unsafe Cross-Origin Links","Warning","Low","39","8.900","URLs that link to external websites using the target=""_blank"" attribute (to open in a new tab), without using rel=""noopener"" (or rel=""noreferrer"") at the same time. Using target=""_blank"" alone leaves those pages exposed to both security and performance issues for some legacy browsers, which are estimated to be below 5% of market share. Setting target=""_blank"" on <a> elements implicitly provides the same rel behavior as setting rel=""noopener"" which does not set window.opener for most modern browsers, such as Chrome, Safari, Firefox and Edge.  The external links that contain the target=""_blank"" attribute by itself can be viewed in the 'outlinks' tab and 'target' column. They can be exported alongside the pages they are linked from via 'Bulk Export > Security > Unsafe Cross-Origin Links'.","Consider the benefits of including the rel=""noopener"" link attribute on any links that contain the target=""_blank"" attribute to avoid security and performance issues for the users of legacy browsers that may visit the website.",""
"Links: Pages With High External Outlinks","Warning","Low","25","15.430","Pages that have a high number of followed external outlinks on them based upon the 'High External Outlinks' preferences under 'Config > Spider > Preferences'. External outlinks are hyperlinks to another subdomain or domain (depending on your configuration). This might be completely valid, such as linking to another part of the same root domain, or linking to other useful websites. External followed outlinks can be seen in the 'Outlinks' tab, with the 'All Link Types' filter set to 'Hyperlinks' where the 'Follow' column is 'True'.","Review followed external outlinks to ensure they are to credible, trusted and relevant websites that are useful to your users.",""
"URL: Uppercase","Warning","Low","1","0.230","URLs that have uppercase characters within them. URLs are case sensitive, so as best practice generally URLs should be lowercase, to avoid any potential mix ups and duplicate URLs.","Ideally lowercase characters should be used for URLs only. However, changing URLs is a big decision, and often it's not worth changing them for SEO purposes alone. If URLs are changed, then appropriate 301 redirects must be implemented.",""
"Security: Missing X-Content-Type-Options Header","Warning","Low","375","85.620","URLs that are missing the 'X-Content-Type-Options' response header with a 'nosniff' value. In the absence of a MIME type, browsers may 'sniff' to guess the content type to interpret it correctly for users. However, this can be exploited by attackers who can try and load malicious code, such as JavaScript via an image they have compromised.","To minimise security issues, the X-Content-Type-Options response header should be supplied and set to 'nosniff'. This instructs browsers to rely only on the Content-Type header and block anything that does not match accurately. This also means the content-type set needs to be accurate.",""
"Images: Missing Size Attributes","Opportunity","Low","64","40.250","Image elements without dimensions (width and height size attributes) specified in the HTML. This can cause large layout shifts as the page loads and be frustrating experience for users. It is one of the major reasons that contributes to a high Cumulative Layout Shift (CLS).","Define all image sizes as their native size using width and height attributes in the HTML. This allows the browser to calculate enough space for each image before it loads, avoiding large layout shifts.",""
"H1: Over 70 Characters","Opportunity","Low","10","6.170","Pages which have <h1>s over the configured length. There is no hard limit for characters in an <h1>, however they should be clear and concise for users and long headings might be less helpful","Write concise <h1>s for users, including target keywords where natural for users - without keyword stuffing.",""
"Response Codes: Internal Redirection (3xx)","Warning","Low","7","1.400","Internal URLs which redirect to another URL. These will include server-side redirects, such as 301 or 302 redirects (and more). View URLs that link to redirects using the lower 'inlinks' tab and export them in bulk via 'Bulk Export > Response Codes > Internal > Redirection (3xx) inlinks'.","Ideally all internal links would be to canonical resolving URLs, and avoid linking to URLs that redirect. This reduces latency of redirect hops for users, and enhanced efficiency for search engines.",""
"Response Codes: Internal Blocked by Robots.txt","Warning","High","54","10.800","Internal URLs blocked by the site's robots.txt. This means they cannot be crawled and is a critical issue if you want the page content to be crawled and indexed by search engines. View URLs that link to URLs blocked by robots.txt using the lower 'inlinks' tab and export them in bulk via 'Bulk Export > Response Codes > Internal > Blocked by Robots.txt inlinks'.","Review URLs to ensure they should be disallowed. If they are incorrectly disallowed, then the site's robots.txt should be updated to allow them to be crawled. Consider whether you should be linking internally to these URLs and remove links where appropriate.",""
"Links: Internal Outlinks With No Anchor Text","Opportunity","Low","154","95.060","Pages that have internal links without anchor text or images that are hyperlinked without alt text. Anchor text is the visible text and words used in hyperlinks that provide users and search engines context about the content of the target page. Internal outlinks without anchor text can be seen in the 'Outlinks' tab, with the 'All Link Types' filter set to 'Hyperlinks', where the 'Anchor Text' column is blank, or if an image, the 'Alt Text' column is also blank. Export in bulk via 'Bulk Export > Links > Internal Outlinks With No Anchor Text'.","Review the missing anchor text outlinks and where appropriate include useful and descriptive anchor text to help users and search engines.",""
"H2: Duplicate","Opportunity","Low","91","56.170","Pages which have duplicate <h2>s. It's important to have distinct, unique and useful pages. If every page has the same <h2>, then it can make it more challenging for users and the search engines to understand one page from another.","Update duplicate <h2>s as necessary, so important pages contain a unique and descriptive <h2> for users and search engines.  If these are duplicate pages, then fix the duplicated pages by linking to a single version, and redirect or use canonicals where appropriate.",""
"Content: Low Content Pages","Opportunity","Medium","1","0.610","Pages with a word count that is below the default 200 words. The word count is based upon the content area settings used in the analysis which can be configured via 'Config > Content > Area'. There isn't a minimum word count for pages in reality, but the search engines do require descriptive text to understand the purpose of a page. This filter should only be used as a rough guide to help identify pages that might be improved by adding more descriptive content in the context of the website and page's purpose. Some websites, such as ecommerce, will naturally have lower word counts, which can be acceptable if a products details can be communicated efficiently.","Consider including additional descriptive content to help the user and search engines better understand the page.",""
"Security: Missing X-Frame-Options Header","Warning","Low","375","85.620","URLs missing an X-Frame-Options response header with a 'DENY' or 'SAMEORIGIN' value. This instructs the browser not to render a page within a frame, iframe, embed or object. This helps avoid 'clickjacking' attacks, where your content is displayed on another web page that is controlled by an attacker.","To minimise security issues, the X-Frame-Options response header should be supplied with a 'DENY' or 'SAMEORIGIN' value.",""
"Directives: Noindex","Warning","High","12","3.200","URLs containing a 'noindex' directive in either a robots meta tag or X-Robots-Tag in the HTTP header. This instructs the search engines not to index the page. The page will still be crawled (to see the directive), but it will then be dropped from the index.","URLs with a 'noindex' should be reviewed carefully to ensure they are correct and shouldn't be indexed. If these pages should be indexed, then the 'noindex' directive should be removed.",""
"Content: Readability Difficult","Opportunity","Low","11","6.750","Copy on the page is difficult to read and best understood by college graduates according to the Flesch reading-ease score formula. Copy that has long sentences and uses complex words are generally harder to read and understand.","Consider improving the readability of copy for your target audience. Copy that uses shorter sentences with less complex words is often easier to read and understand.",""
"Canonicals: Non-Indexable Canonical","Issue","High","1","0.610","Pages with a canonical URL that is non-indexable. This will include canonicals which are blocked by robots.txt, no response, redirect (3XX), client error (4XX), server error (5XX), are 'noindex' or 'canonicalised' themselves. This means the search engines are being instructed to consolidate indexing and link signals to a non-indexable page, which often leads to them ignoring the canonical, but may also lead to unpredictability in indexing and ranking. Export pages, their canonicals and status codes via 'Reports > Canonicals > Non-Indexable Canonicals'.","Ensure canonical URLs are to accurate indexable pages to avoid them being ignored by search engines, and any potential indexing or ranking unpredictability.",""
"Page Titles: Over 60 Characters","Opportunity","Medium","21","12.960","Pages which have page titles that exceed the configured limit. Characters over this limit might be truncated in Google's search results and carry less weight in scoring.","Write concise page titles to ensure important words are not truncated in the search results, not visible to users and potentially weighted less in scoring.",""
